disease,avg_age
Flu,37.875
Diabetes,43.857142857142854
Covid,29.875
Asthma,27.285714285714285
